Item_Identifier,Item_Weight,Item_Fat_Content,Item_Visibility,Item_Type,Item_MRP,Outlet_Identifier,Outlet_Establishment_Year,Outlet_Size,Outlet_Location_Type,Outlet_Type,Item_Outlet_Sales
FDA15,9.3,Low Fat,0.016047301,Dairy,249.8092,OUT049,1999,Medium,Tier 1,Supermarket Type1,3735.138
DRC01,5.92,Regular,0.019278216,Soft Drinks,48.2692,OUT018,2009,Medium,Tier 3,Supermarket Type2,443.4228
FDN15,17.5,Low Fat,0.016760075,Meat,141.618,OUT049,1999,Medium,Tier 1,Supermarket Type1,2097.27
FDX07,19.2,Regular,0,Fruits and Vegetables,182.095,OUT010,1998,,Tier 3,Grocery Store,732.38
NCD19,8.93,Low Fat,0,Household,53.8614,OUT013,1987,High,Tier 3,Supermarket Type1,994.7052
FDP36,10.395,Regular,0,Baking Goods,51.4008,OUT018,2009,Medium,Tier 3,Supermarket Type2,556.6088
FDO10,13.65,Regular,0.012741089,Snack Foods,57.6588,OUT013,1987,High,Tier 3,Supermarket Type1,343.5528
FDP10,,Low Fat,0.127469857,Snack Foods,107.7622,OUT027,1985,Medium,Tier 3,Supermarket Type3,4022.7636
FDH17,16.2,Regular,0.016687114,Frozen Foods,96.9726,OUT045,2002,,Tier 2,Supermarket Type1,1076.5986
FDU28,19.2,Regular,0.09444959,Frozen Foods,187.8214,OUT017,2007,,Tier 2,Supermarket Type1,4710.535
FDY07,11.8,Low Fat,0,Fruits and Vegetables,45.5402,OUT049,1999,Medium,Tier 1,Supermarket Type1,1516.0266
FDA03,18.5,Regular,0.045463773,Dairy,144.1102,OUT046,1997,Small,Tier 1,Supermarket Type1,2187.153
FDX32,15.1,Regular,0.1000135,Fruits and Vegetables,145.4786,OUT049,1999,Medium,Tier 1,Supermarket Type1,1589.2646
FDS46,17.6,Regular,0.047257328,Snack Foods,119.6782,OUT046,1997,Small,Tier 1,Supermarket Type1,2145.2076
FDF32,16.35,Low Fat,0.0680243,Fruits and Vegetables,196.4426,OUT013,1987,High,Tier 3,Supermarket Type1,1977.426
FDP49,9,Regular,0.069088961,Breakfast,56.3614,OUT046,1997,Small,Tier 1,Supermarket Type1,1547.3192
NCB42,11.8,Low Fat,0.008596051,Health and Hygiene,115.3492,OUT018,2009,Medium,Tier 3,Supermarket Type2,1621.8888
FDP49,9,Regular,0.069196376,Breakfast,54.3614,OUT049,1999,Medium,Tier 1,Supermarket Type1,718.3982
DRI11,,Low Fat,0.034237682,Hard Drinks,113.2834,OUT027,1985,Medium,Tier 3,Supermarket Type3,2303.668
FDU02,13.35,Low Fat,0.10249212,Dairy,230.5352,OUT035,2004,Small,Tier 2,Supermarket Type1,2748.4224
FDN22,18.85,Regular,0.138190277,Snack Foods,250.8724,OUT013,1987,High,Tier 3,Supermarket Type1,3775.086
FDW12,,Regular,0.035399923,Baking Goods,144.5444,OUT027,1985,Medium,Tier 3,Supermarket Type3,4064.0432
NCB30,14.6,Low Fat,0.025698134,Household,196.5084,OUT035,2004,Small,Tier 2,Supermarket Type1,1587.2672
FDC37,,Low Fat,0.057556998,Baking Goods,107.6938,OUT019,1985,Small,Tier 1,Grocery Store,214.3876
FDR28,13.85,Regular,0.025896485,Frozen Foods,165.021,OUT046,1997,Small,Tier 1,Supermarket Type1,4078.025
NCD06,13,Low Fat,0.099887103,Household,45.906,OUT017,2007,,Tier 2,Supermarket Type1,838.908
FDV10,7.645,Regular,0.066693437,Snack Foods,42.3112,OUT035,2004,Small,Tier 2,Supermarket Type1,1065.28
DRJ59,11.65,low fat,0.019356132,Hard Drinks,39.1164,OUT013,1987,High,Tier 3,Supermarket Type1,308.9312
FDE51,5.925,Regular,0.161466534,Dairy,45.5086,OUT010,1998,,Tier 3,Grocery Store,178.4344
FDC14,,Regular,0.072221801,Canned,43.6454,OUT019,1985,Small,Tier 1,Grocery Store,125.8362
FDV38,19.25,Low Fat,0.170348551,Dairy,55.7956,OUT010,1998,,Tier 3,Grocery Store,163.7868
NCS17,18.6,Low Fat,0.080829372,Health and Hygiene,96.4436,OUT018,2009,Medium,Tier 3,Supermarket Type2,2741.7644
FDP33,18.7,Low Fat,0,Snack Foods,256.6672,OUT018,2009,Medium,Tier 3,Supermarket Type2,3068.0064
FDO23,17.85,Low Fat,0,Breads,93.1436,OUT045,2002,,Tier 2,Supermarket Type1,2174.5028
DRH01,17.5,Low Fat,0.097904029,Soft Drinks,174.8738,OUT046,1997,Small,Tier 1,Supermarket Type1,2085.2856
NCX29,10,Low Fat,0.089291137,Health and Hygiene,146.7102,OUT049,1999,Medium,Tier 1,Supermarket Type1,3791.0652
FDV20,,Regular,0.059511812,Fruits and Vegetables,128.0678,OUT027,1985,Medium,Tier 3,Supermarket Type3,2797.6916
DRZ11,8.85,Regular,0.113123893,Soft Drinks,122.5388,OUT018,2009,Medium,Tier 3,Supermarket Type2,1609.9044
FDX10,,Regular,0.123111453,Snack Foods,36.9874,OUT027,1985,Medium,Tier 3,Supermarket Type3,388.1614
FDB34,,Low Fat,0.026480954,Snack Foods,87.6198,OUT027,1985,Medium,Tier 3,Supermarket Type3,2180.495
FDU02,13.35,Low Fat,0.102511504,Dairy,230.6352,OUT046,1997,Small,Tier 1,Supermarket Type1,3435.528
FDK43,9.8,Low Fat,0.02681843,Meat,126.002,OUT013,1987,High,Tier 3,Supermarket Type1,2150.534
FDA46,13.6,Low Fat,0.117818348,Snack Foods,192.9136,OUT049,1999,Medium,Tier 1,Supermarket Type1,2527.3768
FDC02,21.35,Low Fat,0.069102831,Canned,259.9278,OUT018,2009,Medium,Tier 3,Supermarket Type2,6768.5228
FDL50,12.15,Regular,0.042277867,Canned,126.5046,OUT013,1987,High,Tier 3,Supermarket Type1,373.5138
FDM39,6.42,LF,0.089498926,Dairy,178.1002,OUT010,1998,,Tier 3,Grocery Store,358.2004
NCP05,19.6,Low Fat,0,Health and Hygiene,153.3024,OUT045,2002,,Tier 2,Supermarket Type1,2428.8384
FDV49,10,Low Fat,0.025879577,Canned,265.2226,OUT045,2002,,Tier 2,Supermarket Type1,5815.0972
FDL12,15.85,Regular,0.121632721,Baking Goods,60.622,OUT046,1997,Small,Tier 1,Supermarket Type1,2576.646
FDS02,,Regular,0.255394896,Dairy,196.8794,OUT019,1985,Small,Tier 1,Grocery Store,780.3176
NCL17,7.39,Low Fat,0.067779712,Health and Hygiene,143.8812,OUT046,1997,Small,Tier 1,Supermarket Type1,3134.5864
FDM40,10.195,Low Fat,0.159803853,Frozen Foods,141.5154,OUT013,1987,High,Tier 3,Supermarket Type1,850.8924
FDR13,9.895,Regular,0.028696932,Canned,117.0492,OUT013,1987,High,Tier 3,Supermarket Type1,810.9444
FDA43,10.895,Low Fat,0.065041581,Fruits and Vegetables,196.3794,OUT017,2007,,Tier 2,Supermarket Type1,3121.2704
NCP18,12.15,Low Fat,0.028760013,Household,151.4708,OUT017,2007,,Tier 2,Supermarket Type1,4815.0656
FDK21,7.905,Low Fat,0.010053105,Snack Foods,249.0408,OUT018,2009,Medium,Tier 3,Supermarket Type2,6258.52
NCX54,9.195,Low Fat,0.048157338,Household,106.1622,OUT045,2002,,Tier 2,Supermarket Type1,2117.244
DRK35,8.365,Low Fat,0.071958197,Hard Drinks,38.0506,OUT049,1999,Medium,Tier 1,Supermarket Type1,796.9626
FDY21,15.1,Low Fat,0.173481304,Snack Foods,194.511,OUT046,1997,Small,Tier 1,Supermarket Type1,4910.275
FDI26,,Low Fat,0.061082177,Canned,180.0344,OUT019,1985,Small,Tier 1,Grocery Store,892.172
FDM20,10,Low Fat,0,Fruits and Vegetables,246.9144,OUT018,2009,Medium,Tier 3,Supermarket Type2,3185.1872
FDV27,7.97,Regular,0.040071131,Meat,87.3514,OUT045,2002,,Tier 2,Supermarket Type1,1062.6168
FDF09,,Low Fat,0.012090074,Fruits and Vegetables,38.2848,OUT027,1985,Medium,Tier 3,Supermarket Type3,484.7024
FDY40,,Regular,0.15028599,Frozen Foods,51.0692,OUT019,1985,Small,Tier 1,Grocery Store,147.8076
FDY45,,Low Fat,0.026015519,Snack Foods,255.8356,OUT027,1985,Medium,Tier 3,Supermarket Type3,2543.356
FDC46,17.7,LF,0.195068226,Snack Foods,185.4266,OUT010,1998,,Tier 3,Grocery Store,184.4266
FDH19,19.35,Low Fat,0.033082215,Meat,172.5738,OUT035,2004,Small,Tier 2,Supermarket Type1,4865.6664
FDZ03,13.65,Regular,0.078946455,Dairy,186.024,OUT045,2002,,Tier 2,Supermarket Type1,1118.544
DRH37,17.6,Low Fat,0.041700756,Soft Drinks,164.8526,OUT045,2002,,Tier 2,Supermarket Type1,2302.3364
NCI17,8.645,Low Fat,0.143422643,Health and Hygiene,95.841,OUT046,1997,Small,Tier 1,Supermarket Type1,2027.361
FDJ58,15.6,Regular,0.105296072,Snack Foods,170.1764,OUT046,1997,Small,Tier 1,Supermarket Type1,3435.528
FDL12,15.85,Regular,0.121531501,Baking Goods,59.222,OUT013,1987,High,Tier 3,Supermarket Type1,599.22
FDH35,18.25,Low Fat,0,Starchy Foods,164.7526,OUT045,2002,,Tier 2,Supermarket Type1,4604.6728
FDG02,7.855,Low Fat,0.011324862,Canned,189.6188,OUT017,2007,,Tier 2,Supermarket Type1,2285.0256
NCZ18,7.825,low fat,0.186357148,Household,254.3698,OUT049,1999,Medium,Tier 1,Supermarket Type1,5580.7356
FDC29,8.39,Regular,0.024205661,Frozen Foods,114.0176,OUT046,1997,Small,Tier 1,Supermarket Type1,2290.352
FDQ10,12.85,Low Fat,0.033230816,Snack Foods,172.3422,OUT049,1999,Medium,Tier 1,Supermarket Type1,1207.0954
FDN48,,Low Fat,0.113720344,Baking Goods,89.9804,OUT019,1985,Small,Tier 1,Grocery Store,643.1628
FDL04,19,Low Fat,0.112556507,Frozen Foods,104.9622,OUT017,2007,,Tier 2,Supermarket Type1,1587.933
FDV25,5.905,Low Fat,0,Canned,222.5456,OUT045,2002,,Tier 2,Supermarket Type1,5305.0944
FDD58,7.76,Low Fat,0.059352241,Snack Foods,101.87,OUT046,1997,Small,Tier 1,Supermarket Type1,1697.79
FDN04,11.8,reg,0.014087057,Frozen Foods,180.3344,OUT046,1997,Small,Tier 1,Supermarket Type1,1427.4752
FDV45,16.75,low fat,0.045230944,Snack Foods,187.9556,OUT018,2009,Medium,Tier 3,Supermarket Type2,4693.89
NCL18,,Low Fat,0.293417759,Household,194.6136,OUT019,1985,Small,Tier 1,Grocery Store,583.2408
FDR12,,Regular,0.031382044,Baking Goods,171.3764,OUT027,1985,Medium,Tier 3,Supermarket Type3,3091.9752
FDG20,15.5,Regular,0.12639886,Fruits and Vegetables,177.0028,OUT017,2007,,Tier 2,Supermarket Type1,2479.4392
FDZ55,6.055,Low Fat,0.025403898,Fruits and Vegetables,160.992,OUT035,2004,Small,Tier 2,Supermarket Type1,2716.464
FDQ49,,Regular,0.039057677,Breakfast,155.963,OUT027,1985,Medium,Tier 3,Supermarket Type3,3285.723
FDN33,6.305,Regular,0.123115764,Snack Foods,95.6436,OUT046,1997,Small,Tier 1,Supermarket Type1,661.8052
FDN27,20.85,Low Fat,0.039624006,Meat,117.2808,OUT049,1999,Medium,Tier 1,Supermarket Type1,1523.3504
FDW20,20.75,Low Fat,0.040421193,Fruits and Vegetables,122.173,OUT010,1998,,Tier 3,Grocery Store,369.519
DRG27,8.895,Low Fat,0.105274111,Dairy,39.9138,OUT049,1999,Medium,Tier 1,Supermarket Type1,690.4346
DRI25,19.6,Low Fat,0.033970195,Soft Drinks,55.1614,OUT045,2002,,Tier 2,Supermarket Type1,1381.535
FDA44,19.7,Low Fat,0.053212652,Fruits and Vegetables,57.893,OUT035,2004,Small,Tier 2,Supermarket Type1,622.523
NCR17,9.8,Low Fat,0.024378706,Health and Hygiene,114.5492,OUT035,2004,Small,Tier 2,Supermarket Type1,1274.3412
FDU04,,Low Fat,0.009714595,Frozen Foods,120.0414,OUT019,1985,Small,Tier 1,Grocery Store,487.3656
FDF41,12.15,Low Fat,0.131383762,Frozen Foods,246.046,OUT049,1999,Medium,Tier 1,Supermarket Type1,1231.73
FDB56,8.75,Regular,0.07461309,Fruits and Vegetables,187.4556,OUT035,2004,Small,Tier 2,Supermarket Type1,3755.112
NCP18,,Low Fat,0.028459761,Household,149.9708,OUT027,1985,Medium,Tier 3,Supermarket Type3,4363.6532
FDB56,8.75,Regular,0.074627201,Fruits and Vegetables,187.8556,OUT046,1997,Small,Tier 1,Supermarket Type1,1314.2892
FDT28,13.3,Low Fat,0.063695084,Frozen Foods,151.0708,OUT045,2002,,Tier 2,Supermarket Type1,1805.6496
FDD10,,Regular,0.045797829,Snack Foods,178.5344,OUT027,1985,Medium,Tier 3,Supermarket Type3,2854.9504
FDW57,8.31,Regular,0.115857223,Snack Foods,179.1028,OUT049,1999,Medium,Tier 1,Supermarket Type1,3896.2616
DRB48,16.75,Regular,0.024832806,Soft Drinks,38.7822,OUT013,1987,High,Tier 3,Supermarket Type1,667.7974
FDP09,19.75,Low Fat,0.034027909,Snack Foods,212.0902,OUT018,2009,Medium,Tier 3,Supermarket Type2,3185.853
FDH14,17.1,Regular,0.0467696,Canned,141.1838,OUT013,1987,High,Tier 3,Supermarket Type1,2247.7408
FDA47,10.5,Regular,0.116576702,Baking Goods,163.121,OUT013,1987,High,Tier 3,Supermarket Type1,1794.331
FDG12,6.635,Regular,0,Baking Goods,121.3098,OUT045,2002,,Tier 2,Supermarket Type1,2530.7058
DRE60,,low fat,0.278974075,Soft Drinks,225.372,OUT019,1985,Small,Tier 1,Grocery Store,679.116
DRK49,14.15,Low Fat,0.035913805,Soft Drinks,41.4138,OUT013,1987,High,Tier 3,Supermarket Type1,812.276
FDD03,13.3,Low Fat,0.079806266,Dairy,232.53,OUT046,1997,Small,Tier 1,Supermarket Type1,699.09
FDS52,8.89,low fat,0.005505481,Frozen Foods,102.4016,OUT017,2007,,Tier 2,Supermarket Type1,2732.4432
FDW39,,Regular,0.064625342,Meat,176.937,OUT019,1985,Small,Tier 1,Grocery Store,176.437
FDX34,,Low Fat,0.071636937,Snack Foods,121.7098,OUT027,1985,Medium,Tier 3,Supermarket Type3,4097.3332
FDV11,9.1,Regular,0,Breads,173.2054,OUT045,2002,,Tier 2,Supermarket Type1,3151.8972
FDD17,7.5,Low Fat,0.032677678,Frozen Foods,239.0906,OUT049,1999,Medium,Tier 1,Supermarket Type1,5942.265
FDZ16,16.85,Regular,0.160760054,Frozen Foods,192.4478,OUT017,2007,,Tier 2,Supermarket Type1,4843.695
FDZ46,7.485,Low Fat,0.06911065,Snack Foods,109.0228,OUT035,2004,Small,Tier 2,Supermarket Type1,2542.0244
DRA12,11.6,Low Fat,0.041177505,Soft Drinks,140.3154,OUT017,2007,,Tier 2,Supermarket Type1,2552.6772
FDY58,11.65,Low Fat,0.040081193,Snack Foods,227.0694,OUT018,2009,Medium,Tier 3,Supermarket Type2,1141.847
NCF19,13,Low Fat,0.035307322,Household,47.5034,OUT017,2007,,Tier 2,Supermarket Type1,680.4476
DRJ13,12.65,LF,0.063017847,Soft Drinks,159.0578,OUT045,2002,,Tier 2,Supermarket Type1,2085.9514
FDB14,20.25,Regular,0.171938781,Canned,92.512,OUT010,1998,,Tier 3,Grocery Store,186.424
FDJ38,8.6,Regular,0.040197932,Canned,190.153,OUT035,2004,Small,Tier 2,Supermarket Type1,3036.048
FDW11,12.6,Low Fat,0.049058014,Breads,62.7194,OUT017,2007,,Tier 2,Supermarket Type1,866.8716
FDL40,17.7,Low Fat,0.01161096,Frozen Foods,95.041,OUT035,2004,Small,Tier 2,Supermarket Type1,868.869
DRI49,14.15,Low Fat,0.183507295,Soft Drinks,82.4276,OUT046,1997,Small,Tier 1,Supermarket Type1,1137.1864
FDV38,19.25,Low Fat,0.102349519,Dairy,52.7956,OUT017,2007,,Tier 2,Supermarket Type1,928.1252
DRG23,8.88,Low Fat,0.086708987,Hard Drinks,151.7682,OUT013,1987,High,Tier 3,Supermarket Type1,762.341
NCP30,20.5,Low Fat,0.032835147,Household,40.2822,OUT045,2002,,Tier 2,Supermarket Type1,707.0796
FDY25,,Low Fat,0.033809913,Canned,180.5976,OUT027,1985,Medium,Tier 3,Supermarket Type3,7968.2944
NCH54,13.5,Low Fat,0.07266912,Household,160.292,OUT046,1997,Small,Tier 1,Supermarket Type1,1438.128
NCR53,,Low Fat,0.144338493,Health and Hygiene,224.4404,OUT027,1985,Medium,Tier 3,Supermarket Type3,6976.2524
FDS52,8.89,Low Fat,0.009163216,Frozen Foods,101.7016,OUT010,1998,,Tier 3,Grocery Store,101.2016
FDG02,7.855,Low Fat,0.011307038,Canned,188.5188,OUT018,2009,Medium,Tier 3,Supermarket Type2,952.094
NCO26,7.235,Low Fat,0.076855628,Household,116.0492,OUT046,1997,Small,Tier 1,Supermarket Type1,1969.4364
FDH35,,Low Fat,0.059956876,Starchy Foods,165.4526,OUT027,1985,Medium,Tier 3,Supermarket Type3,5262.4832
FDB51,6.92,Low Fat,0.038532062,Dairy,60.5852,OUT045,2002,,Tier 2,Supermarket Type1,1314.2892
FDX44,9.3,Low Fat,0.043209581,Fruits and Vegetables,90.8172,OUT017,2007,,Tier 2,Supermarket Type1,535.3032
NCN07,18.5,Low Fat,0.056816465,Others,132.1284,OUT010,1998,,Tier 3,Grocery Store,263.6568
NCC31,8.02,Low Fat,0.019866705,Household,154.5972,OUT035,2004,Small,Tier 2,Supermarket Type1,1402.1748
NCX54,9.195,Low Fat,0.048331717,Household,105.1622,OUT017,2007,,Tier 2,Supermarket Type1,1693.7952
NCO55,12.8,Low Fat,0.091221855,Others,105.5938,OUT045,2002,,Tier 2,Supermarket Type1,2143.876
NCC30,16.6,Low Fat,0.027622076,Household,177.6344,OUT049,1999,Medium,Tier 1,Supermarket Type1,2676.516
FDI16,14,Regular,0,Frozen Foods,53.064,OUT035,2004,Small,Tier 2,Supermarket Type1,905.488
FDP16,18.6,Low Fat,0.039355947,Frozen Foods,246.3802,OUT049,1999,Medium,Tier 1,Supermarket Type1,7370.406
FDB11,16,Low Fat,0.060836524,Starchy Foods,226.8404,OUT035,2004,Small,Tier 2,Supermarket Type1,6301.1312
NCB06,17.6,Low Fat,0.082316506,Health and Hygiene,160.692,OUT035,2004,Small,Tier 2,Supermarket Type1,1597.92
FDA45,21.25,Low Fat,0.155350299,Snack Foods,178.237,OUT035,2004,Small,Tier 2,Supermarket Type1,529.311
NCO26,7.235,Low Fat,0.076841095,Household,117.5492,OUT035,2004,Small,Tier 2,Supermarket Type1,1969.4364
DRJ25,14.6,Low Fat,0.151419185,Soft Drinks,50.3692,OUT017,2007,,Tier 2,Supermarket Type1,1034.6532
FDR28,13.85,reg,0.026001976,Frozen Foods,161.521,OUT018,2009,Medium,Tier 3,Supermarket Type2,1794.331
FDI04,13.65,Regular,0.073209447,Frozen Foods,197.6426,OUT018,2009,Medium,Tier 3,Supermarket Type2,2768.3964
DRK12,,Low Fat,0.041683481,Soft Drinks,31.29,OUT027,1985,Medium,Tier 3,Supermarket Type3,898.83
FDX20,7.365,Low Fat,0.042560252,Fruits and Vegetables,226.172,OUT046,1997,Small,Tier 1,Supermarket Type1,3169.208
NCI18,18.35,Low Fat,0.014081156,Household,223.5746,OUT018,2009,Medium,Tier 3,Supermarket Type2,3589.9936
FDB36,5.465,Regular,0,Baking Goods,132.5626,OUT018,2009,Medium,Tier 3,Supermarket Type2,262.3252
FDN13,18.6,Low Fat,0.152918384,Breakfast,99.8358,OUT017,2007,,Tier 2,Supermarket Type1,1910.1802
DRD24,13.85,Low Fat,0.030969274,Soft Drinks,140.9154,OUT017,2007,,Tier 2,Supermarket Type1,1701.7848
FDQ28,14,Regular,0.060376776,Frozen Foods,154.5656,OUT013,1987,High,Tier 3,Supermarket Type1,2471.4496
FDM22,14,Regular,0.04192285,Snack Foods,54.764,OUT013,1987,High,Tier 3,Supermarket Type1,1331.6
FDR07,,Low Fat,0.077367431,Fruits and Vegetables,97.0094,OUT027,1985,Medium,Tier 3,Supermarket Type3,1808.9786
FDV25,5.905,Low Fat,0.045838211,Canned,222.5456,OUT018,2009,Medium,Tier 3,Supermarket Type2,3315.684
DRF49,7.27,Low Fat,0.071077939,Soft Drinks,114.2518,OUT046,1997,Small,Tier 1,Supermarket Type1,2618.5914
FDW51,6.155,Regular,0.094659871,Meat,214.556,OUT046,1997,Small,Tier 1,Supermarket Type1,2769.728
DRL01,19.5,Regular,0.077608838,Soft Drinks,233.4958,OUT017,2007,,Tier 2,Supermarket Type1,5375.0034
FDP25,15.2,Low Fat,0.021327477,Canned,216.8824,OUT017,2007,,Tier 2,Supermarket Type1,2838.9712
FDL50,12.15,Regular,0.042485444,Canned,125.0046,OUT018,2009,Medium,Tier 3,Supermarket Type2,1743.0644
NCB30,,Low Fat,0.025578526,Household,198.8084,OUT027,1985,Medium,Tier 3,Supermarket Type3,5555.4352
FDW11,12.6,Low Fat,0.0489808,Breads,61.9194,OUT018,2009,Medium,Tier 3,Supermarket Type2,619.194
NCM43,14.5,Low Fat,0.019471688,Others,164.821,OUT035,2004,Small,Tier 2,Supermarket Type1,2120.573
FDK44,16.6,Low Fat,0.122918852,Fruits and Vegetables,173.0738,OUT017,2007,,Tier 2,Supermarket Type1,3823.0236
FDM15,11.8,Regular,0.057373797,Meat,151.4366,OUT013,1987,High,Tier 3,Supermarket Type1,1360.2294
FDS31,13.1,Regular,0.044155597,Fruits and Vegetables,178.8318,OUT013,1987,High,Tier 3,Supermarket Type1,3969.4996
FDI32,17.7,Low Fat,0.291865402,Fruits and Vegetables,115.1834,OUT010,1998,,Tier 3,Grocery Store,345.5502
FDR47,17.85,LF,0,Breads,196.5794,OUT010,1998,,Tier 3,Grocery Store,585.2382
FDB35,12.3,Regular,0.064750025,Starchy Foods,92.6804,OUT045,2002,,Tier 2,Supermarket Type1,1010.6844
NCU05,11.8,Low Fat,0.098312421,Health and Hygiene,81.4618,OUT010,1998,,Tier 3,Grocery Store,161.1236
DRY23,,Regular,0.191013663,Soft Drinks,42.1112,OUT019,1985,Small,Tier 1,Grocery Store,42.6112
FDO24,11.1,Low Fat,0.176573035,Baking Goods,157.4604,OUT045,2002,,Tier 2,Supermarket Type1,3010.7476
FDQ28,,Regular,0.060134441,Frozen Foods,153.0656,OUT027,1985,Medium,Tier 3,Supermarket Type3,6024.1584
FDV39,11.3,Low Fat,0.007294652,Meat,198.1426,OUT045,2002,,Tier 2,Supermarket Type1,988.713
NCO17,,Low Fat,0.128478462,Health and Hygiene,117.944,OUT019,1985,Small,Tier 1,Grocery Store,239.688
FDU50,5.75,Regular,0.075107656,Dairy,112.8176,OUT013,1987,High,Tier 3,Supermarket Type1,1374.2112
FDT12,,Regular,0.049381406,Baking Goods,226.8062,OUT027,1985,Medium,Tier 3,Supermarket Type3,4739.8302
FDK58,11.35,Regular,0.045165796,Snack Foods,100.0016,OUT018,2009,Medium,Tier 3,Supermarket Type2,1012.016
FDO08,,Regular,0.09415375,Fruits and Vegetables,165.7526,OUT019,1985,Small,Tier 1,Grocery Store,657.8104
NCW29,14,Low Fat,0.028907832,Health and Hygiene,130.431,OUT049,1999,Medium,Tier 1,Supermarket Type1,778.986
FDE04,19.75,Regular,0.018059621,Frozen Foods,179.766,OUT045,2002,,Tier 2,Supermarket Type1,2336.958
NCB19,6.525,Low Fat,0.090436094,Household,85.0882,OUT049,1999,Medium,Tier 1,Supermarket Type1,2233.0932
FDV15,10.3,Low Fat,0.146399712,Meat,103.9648,OUT049,1999,Medium,Tier 1,Supermarket Type1,1661.8368
FDL58,5.78,Regular,0.074264356,Snack Foods,264.7568,OUT049,1999,Medium,Tier 1,Supermarket Type1,4745.8224
FDA08,11.85,Regular,0.050186726,Fruits and Vegetables,164.1526,OUT045,2002,,Tier 2,Supermarket Type1,3124.5994
FDT43,16.35,Low Fat,0.020631654,Fruits and Vegetables,50.1324,OUT018,2009,Medium,Tier 3,Supermarket Type2,467.3916
NCX06,,Low Fat,0.01561108,Household,182.5976,OUT027,1985,Medium,Tier 3,Supermarket Type3,5070.7328
FDT20,10.5,Low Fat,0.041395445,Fruits and Vegetables,37.6164,OUT046,1997,Small,Tier 1,Supermarket Type1,540.6296
FDB41,19,Regular,0.097313129,Frozen Foods,48.0718,OUT046,1997,Small,Tier 1,Supermarket Type1,992.7078
NCN55,14.6,Low Fat,0.059582996,Others,238.8538,OUT049,1999,Medium,Tier 1,Supermarket Type1,6008.845
FDE40,,Regular,0.098663652,Dairy,62.9194,OUT027,1985,Medium,Tier 3,Supermarket Type3,2105.2596
FDX49,,reg,0.101338651,Canned,232.63,OUT027,1985,Medium,Tier 3,Supermarket Type3,5359.69
NCM53,18.75,Low Fat,0.052146456,Health and Hygiene,104.628,OUT045,2002,,Tier 2,Supermarket Type1,745.696
FDE36,5.26,Regular,0.041764487,Baking Goods,161.8868,OUT035,2004,Small,Tier 2,Supermarket Type1,3275.736
FDN57,18.25,Low Fat,0.054344186,Snack Foods,140.2154,OUT045,2002,,Tier 2,Supermarket Type1,1701.7848
FDI24,,Low Fat,0.078362484,Baking Goods,177.937,OUT027,1985,Medium,Tier 3,Supermarket Type3,6704.606
FDI19,15.1,Low Fat,0.052339069,Meat,242.7512,OUT046,1997,Small,Tier 1,Supermarket Type1,4119.9704
FDF24,15.5,Regular,0.042464962,Baking Goods,81.5934,OUT010,1998,,Tier 3,Grocery Store,327.5736
FDG52,13.65,Low Fat,0.065732883,Frozen Foods,45.7402,OUT049,1999,Medium,Tier 1,Supermarket Type1,780.9834
DRF36,16.1,LF,0.023625114,Soft Drinks,189.3846,OUT045,2002,,Tier 2,Supermarket Type1,3630.6074
FDS45,,Regular,0.051643608,Snack Foods,107.3622,OUT019,1985,Small,Tier 1,Grocery Store,317.5866
FDX40,12.85,Low Fat,0.165694219,Frozen Foods,39.7164,OUT010,1998,,Tier 3,Grocery Store,231.6984
DRK12,9.5,LF,0.041878397,Soft Drinks,32.99,OUT035,2004,Small,Tier 2,Supermarket Type1,133.16
DRC27,13.8,Low Fat,0.058091482,Dairy,245.1802,OUT035,2004,Small,Tier 2,Supermarket Type1,5650.6446
FDL58,5.78,Regular,0,Snack Foods,263.7568,OUT017,2007,,Tier 2,Supermarket Type1,2636.568
NCD30,19.7,Low Fat,0.026903714,Household,96.0726,OUT045,2002,,Tier 2,Supermarket Type1,1272.3438
NCZ54,14.65,Low Fat,0,Household,161.5552,OUT010,1998,,Tier 3,Grocery Store,324.9104
FDE10,6.67,Regular,0.150554711,Snack Foods,130.0626,OUT010,1998,,Tier 3,Grocery Store,131.1626
FDR44,6.11,Regular,0,Fruits and Vegetables,131.2968,OUT010,1998,,Tier 3,Grocery Store,260.9936
FDP28,13.65,Regular,0.134975628,Frozen Foods,260.0936,OUT010,1998,,Tier 3,Grocery Store,260.9936
FDX15,17.2,Low Fat,0.15616879,Meat,160.6578,OUT013,1987,High,Tier 3,Supermarket Type1,3690.5294
FDA39,6.32,LF,0,Meat,40.2822,OUT035,2004,Small,Tier 2,Supermarket Type1,1139.1838
FDY24,4.88,Regular,0.133700752,Baking Goods,52.9298,OUT049,1999,Medium,Tier 1,Supermarket Type1,1995.4026
FDC60,5.425,Regular,0.115119905,Baking Goods,88.3514,OUT017,2007,,Tier 2,Supermarket Type1,1416.8224
FDH28,15.85,Regular,0.110030997,Frozen Foods,37.2506,OUT046,1997,Small,Tier 1,Supermarket Type1,265.6542
FDT25,7.5,Low Fat,0.051038045,Canned,121.7072,OUT017,2007,,Tier 2,Supermarket Type1,3552.7088
DRJ13,12.65,Low Fat,0.062837968,Soft Drinks,161.5578,OUT013,1987,High,Tier 3,Supermarket Type1,2406.867
NCO07,,Low Fat,0.017116983,Others,211.956,OUT019,1985,Small,Tier 1,Grocery Store,213.056
FDW20,20.75,Low Fat,0.024129332,Fruits and Vegetables,124.173,OUT013,1987,High,Tier 3,Supermarket Type1,2956.152
DRF27,,Low Fat,0.049754975,Dairy,152.134,OUT019,1985,Small,Tier 1,Grocery Store,153.134
FDS49,9,Low Fat,0,Canned,79.7644,OUT035,2004,Small,Tier 2,Supermarket Type1,1649.8524
FDX25,,Low Fat,0.101561568,Canned,181.9292,OUT027,1985,Medium,Tier 3,Supermarket Type3,3101.2964
NCX42,,Low Fat,0.005949644,Household,165.6526,OUT027,1985,Medium,Tier 3,Supermarket Type3,4769.1254
FDG33,,Regular,0.13956116,Seafood,170.4764,OUT027,1985,Medium,Tier 3,Supermarket Type3,3435.528
FDL56,14.1,Low Fat,0.126035694,Fruits and Vegetables,86.4198,OUT045,2002,,Tier 2,Supermarket Type1,1133.8574
FDF14,7.55,Low Fat,0.027164679,Canned,152.334,OUT035,2004,Small,Tier 2,Supermarket Type1,2603.278
NCD06,13,Low Fat,0.099325278,Household,45.406,OUT046,1997,Small,Tier 1,Supermarket Type1,605.878
DRM47,,Low Fat,0.04357366,Hard Drinks,192.8846,OUT027,1985,Medium,Tier 3,Supermarket Type3,2293.0152
FDS46,,Regular,0.082741482,Snack Foods,118.7782,OUT019,1985,Small,Tier 1,Grocery Store,119.1782
FDB35,12.3,Regular,0.064565202,Starchy Foods,92.9804,OUT013,1987,High,Tier 3,Supermarket Type1,1929.4884
FDX21,,LF,0.084554569,Snack Foods,109.8912,OUT027,1985,Medium,Tier 3,Supermarket Type3,2074.6328
NCU05,,Low Fat,0.058451805,Health and Hygiene,79.9618,OUT027,1985,Medium,Tier 3,Supermarket Type3,241.6854
NCR38,17.25,Low Fat,0.113748685,Household,251.3724,OUT045,2002,,Tier 2,Supermarket Type1,6795.1548
NCR18,15.85,Low Fat,0.020603511,Household,42.7112,OUT017,2007,,Tier 2,Supermarket Type1,639.168
NCU41,18.85,Low Fat,0.052044976,Health and Hygiene,192.1846,OUT035,2004,Small,Tier 2,Supermarket Type1,3248.4382
FDY56,16.35,Regular,0.062764429,Fruits and Vegetables,227.6062,OUT017,2007,,Tier 2,Supermarket Type1,7222.5984
DRJ51,14.1,Low Fat,0.087977262,Dairy,229.0668,OUT035,2004,Small,Tier 2,Supermarket Type1,3225.1352
FDK21,7.905,Low Fat,0.010010425,Snack Foods,249.0408,OUT035,2004,Small,Tier 2,Supermarket Type1,3755.112
FDY25,12,Low Fat,0.033946163,Canned,179.3976,OUT013,1987,High,Tier 3,Supermarket Type1,3440.8544
FDU44,12.15,Regular,0.058414678,Fruits and Vegetables,163.4552,OUT035,2004,Small,Tier 2,Supermarket Type1,974.7312
FDL43,10.1,Low Fat,0.027106459,Meat,75.367,OUT049,1999,Medium,Tier 1,Supermarket Type1,535.969
FDF05,17.5,Low Fat,0.027022883,Frozen Foods,262.491,OUT017,2007,,Tier 2,Supermarket Type1,5259.82
DRF15,,Low Fat,0.058153409,Dairy,152.034,OUT019,1985,Small,Tier 1,Grocery Store,306.268
FDL20,17.1,Low Fat,0.128937661,Fruits and Vegetables,112.3886,OUT018,2009,Medium,Tier 3,Supermarket Type2,1779.0176
FDV32,7.785,Low Fat,0.088846306,Fruits and Vegetables,61.451,OUT049,1999,Medium,Tier 1,Supermarket Type1,759.012
FDJ34,11.8,Regular,0.09357779,Snack Foods,125.9704,OUT013,1987,High,Tier 3,Supermarket Type1,1877.556
FDG08,13.15,Regular,0.165694678,Fruits and Vegetables,171.8764,OUT045,2002,,Tier 2,Supermarket Type1,3779.0808
FDQ04,,Low Fat,0.148392623,Frozen Foods,41.5796,OUT019,1985,Small,Tier 1,Grocery Store,41.2796
FDW13,8.5,Low Fat,0.098438394,Canned,51.1324,OUT017,2007,,Tier 2,Supermarket Type1,259.662
NCI17,8.645,Low Fat,0.143303291,Health and Hygiene,96.341,OUT013,1987,High,Tier 3,Supermarket Type1,193.082
FDY03,17.6,Regular,0.076276208,Meat,110.9202,OUT045,2002,,Tier 2,Supermarket Type1,1687.803
FDS12,9.1,Low Fat,0.175103435,Baking Goods,127.5362,OUT017,2007,,Tier 2,Supermarket Type1,4655.9394
FDJ55,12.8,Regular,0.023511371,Meat,225.9404,OUT013,1987,High,Tier 3,Supermarket Type1,4950.8888
DRK01,7.63,Low Fat,0.06105276,Soft Drinks,95.4436,OUT035,2004,Small,Tier 2,Supermarket Type1,1418.154
FDG28,9.285,Regular,0.049559042,Frozen Foods,246.4144,OUT017,2007,,Tier 2,Supermarket Type1,1225.072
FDY38,13.6,Regular,0.119418124,Dairy,231.03,OUT045,2002,,Tier 2,Supermarket Type1,5359.69
FDN01,8.895,Low Fat,0.072545601,Breakfast,176.237,OUT045,2002,,Tier 2,Supermarket Type1,1764.37
NCR54,16.35,Low Fat,0.090486828,Household,195.211,OUT013,1987,High,Tier 3,Supermarket Type1,2553.343
FDG29,17.6,Low Fat,0.056245075,Frozen Foods,43.3454,OUT013,1987,High,Tier 3,Supermarket Type1,1006.6896
FDG24,7.975,Low Fat,0.014618973,Baking Goods,85.225,OUT013,1987,High,Tier 3,Supermarket Type1,1081.925
FDG59,15.85,Low Fat,0.043479126,Starchy Foods,36.7164,OUT017,2007,,Tier 2,Supermarket Type1,308.9312
FDM28,15.7,Low Fat,0.045166237,Frozen Foods,178.666,OUT013,1987,High,Tier 3,Supermarket Type1,2516.724
FDW04,8.985,Regular,0.057827101,Frozen Foods,128.831,OUT046,1997,Small,Tier 1,Supermarket Type1,1428.141
FDS26,20.35,Low Fat,0.089394766,Dairy,260.1594,OUT013,1987,High,Tier 3,Supermarket Type1,2093.2752
FDQ56,6.59,Low Fat,0.10550944,Fruits and Vegetables,85.6908,OUT013,1987,High,Tier 3,Supermarket Type1,1929.4884
FDK51,19.85,Low Fat,0.005234153,Dairy,264.0884,OUT035,2004,Small,Tier 2,Supermarket Type1,5829.7448
FDL22,16.85,Low Fat,0.036390174,Snack Foods,91.4488,OUT046,1997,Small,Tier 1,Supermarket Type1,2082.6224
FDH19,,Low Fat,0.03292824,Meat,173.1738,OUT027,1985,Medium,Tier 3,Supermarket Type3,7298.4996
FDY55,16.75,Low Fat,0.081252534,Fruits and Vegetables,256.4988,OUT013,1987,High,Tier 3,Supermarket Type1,7452.9652
FDY03,17.6,Regular,0.076552407,Meat,110.5202,OUT017,2007,,Tier 2,Supermarket Type1,450.0808
FDK21,7.905,Low Fat,0.016758569,Snack Foods,250.4408,OUT010,1998,,Tier 3,Grocery Store,500.6816
